date,arima,ar1,sample,mean,strict_ar1,naive,infl,ar1_diff,arima_diff,ar1_sample_diff,ar1_mean_diff,strict_diff,closer,sample_closer,mean_closer,strict_closer,any_closer
1999-01-01,0.00154884397604232,0.001922551034283625,0.00167636582622434,0.00179945843025398,0.00238878693389762,0.00182648452603473,0.00182315456151461,9.93964727690189e-05,-0.000274310585472282,-0.000146788735290267,-2.3696131260624e-05,0.00056563237238301,ar1,ar1,ar1,ar1,ar1
1999-02-01,0.00179907195919877,0.0021183229329529035,0.00187674988267129,0.0019975364078121,0.00238494330120741,0.00182315456151461,0,0.0021183229329529,0.00179907195919877,0.00187674988267129,0.0019975364078121,0.00238494330120741,arima,arima,arima,ar1,arima
1999-03-01,0.00103130942714562,0.0013494218117949984,0.00149282211845342,0.00142112196512421,0.00113115689617641,0,0.000606980291776971,0.000742441520018028,0.000424329135368648,0.000885841826676446,0.000814141673347237,0.000524176604399438,arima,arima,arima,arima,arima
1999-04-01,0.00086078409258892,0.0015065414614180816,0.00159000779119669,0.00154827462630739,0.00154453928778236,0.000606980291776971,0.00665257972102751,-0.00514603825960943,-0.00579179562843859,-0.00506257192983082,-0.00510430509472012,-0.00510804043324515,ar1,ar1,ar1,ar1,ar1
1999-05-01,0.00314113615357742,0.003703157615938813,0.00257268098891639,0.0031379193024276,0.00568197403352622,0.00665257972102751,0.000602591160144605,0.00310056645579421,0.00253854499343282,0.00197008982877179,0.002535328142283,0.00507938287338162,arima,ar1,ar1,ar1,ar1
1999-06-01,0.00203839317313475,0.0019987153008460766,0.00190802606956568,0.00195337068520588,0.00156173850268764,0.000602591160144605,0,0.00199871530084608,0.00203839317313475,0.00190802606956568,0.00195337068520588,0.00156173850268764,ar1,ar1,ar1,arima,ar1
1999-07-01,0.000778864957442514,0.0014671034390494975,0.00179596102793435,0.00163153223349192,0.00114645445967057,0,0.00420800140020461,-0.00274089796115511,-0.00342913644276209,-0.00241204037227026,-0.00257646916671269,-0.00306154694053404,ar1,ar1,ar1,ar1,ar1
1999-08-01,0.00224082076815883,0.0019405454256298108,0.00204924875919477,0.00199489709241229,0.00400710910060084,0.00420800140020461,0.00239664584460009,-0.000456100418970276,-0.000155825076441257,-0.000347397085405313,-0.000401748752187795,0.00161046325600075,arima,arima,arima,ar1,arima
1999-09-01,0.00234505223748081,0.0018267325040027481,0.00198479549768846,0.0019057640008456,0.00277928821955126,0.00239664584460009,0.0041803584317579,-0.00235362592775515,-0.00183530619427709,-0.00219556293406945,-0.0022745944309123,-0.00140107021220664,arima,arima,arima,arima,arima
1999-10-01,0.00263344699026402,0.0021332205036672675,0.00210805902169343,0.00212063976268035,0.00398764491588514,0.0041803584317579,0.00178624638146374,0.000346974122203527,0.000847200608800279,0.000321812640229689,0.000334393381216607,0.0022013985344214,ar1,ar1,ar1,ar1,ar1
1999-11-01,0.00244217345128048,0.0018952533543776155,0.00200864549157588,0.00195194942297675,0.00236612853508886,0.00178624638146374,0.00178306139365603,0.000112191960721589,0.000659112057624453,0.000225584097919848,0.000168888029320718,0.000583067141432834,ar1,ar1,ar1,ar1,ar1
1999-12-01,0.00215539505456001,0.0022161556153819186,0.00198365293448201,0.00209990427493196,0.00236238427873113,0.00178306139365603,0.00237248035363091,-0.000156324738248994,-0.000217085299070898,-0.000388827419148904,-0.000272576078698949,-1.00960748997837e-05,ar1,arima,arima,arima,ar1
2000-01-01,0.00219708935989606,0.002004156117272834,0.00204337523191025,0.00202376567459154,0.00276070300869198,0.00237248035363091,0.00295770697723263,-0.000953550859959799,-0.000760617617336571,-0.000914331745322387,-0.000933941302641093,-0.000197003968540649,arima,arima,arima,arima,arima
2000-02-01,0.00280525929475386,0.002155549690190842,0.00208480476154066,0.00212017722586575,0.00315607848266899,0.00295770697723263,0.0041261479111725,-0.00197059822098165,-0.00132088861641863,-0.00204134314963183,-0.00200597068530674,-0.000970069428503504,arima,arima,arima,arima,arima
2000-03-01,0.0031635739116133,0.002414455802513447,0.00216156330805566,0.00228800955528456,0.00394763672568313,0.0041261479111725,0.0058651194523982,-0.00345066364988476,-0.0027015455407849,-0.00370355614434254,-0.00357710989711365,-0.00191748272671508,arima,arima,arima,arima,arima
2000-04-01,0.00339973304497014,0.003275183324913819,0.00247287074080046,0.00287402703285714,0.00512611027532028,0.0058651194523982,-0.000584966381114604,0.00386014970602842,0.00398469942608474,0.00305783712191507,0.00345899341397174,0.00571107665643489,ar1,ar1,ar1,ar1,ar1
2000-05-01,0.00218689017457571,0.002274905695607666,0.00193499129540085,0.00210494849550426,0.00076904010209886,-0.000584966381114604,0.0017538735860958,0.000521032109511866,0.000433016588479911,0.000181117709305051,0.000351074909408459,-0.00098483348399694,arima,ar1,ar1,ar1,ar1
2000-06-01,0.00215192387795314,0.002541085477501103,0.00201212053360851,0.00227660300555481,0.00234629655268587,0.0017538735860958,0.00582412828598855,-0.00328304280848745,-0.00367220440803541,-0.00381200775238004,-0.00354752528043374,-0.00347783173330268,ar1,arima,ar1,arima,ar1
2000-07-01,0.00308970832165555,0.0020255485619187557,0.00210917481100903,0.00206736168646389,0.00508432135211052,0.00582412828598855,0.00289939315900245,-0.000873844597083694,0.000190315162653104,-0.000790218347993424,-0.000832031472538559,0.00218492819310807,arima,arima,arima,ar1,arima
2000-08-01,0.00303705520513322,0.0027243858155884338,0.00219201106264827,0.00245819843911835,0.00311983694687563,0.00289939315900245,0,0.00272438581558843,0.00303705520513322,0.00219201106264827,0.00245819843911835,0.00311983694687563,ar1,ar1,ar1,ar1,ar1
2000-09-01,0.00198441976301286,0.003101090358057499,0.00196750104515114,0.00253429570160432,0.00117137323183568,0,0.00519781707361755,-0.00209672671556005,-0.00321339731060469,-0.00323031602846641,-0.00266352137201323,-0.00402644384178187,ar1,arima,ar1,ar1,ar1
2000-10-01,0.00324518722039764,0.0022330602084074114,0.00211644550577718,0.0021747528570923,0.00465578075855409,0.00519781707361755,0.00172661913398731,0.000506441074420105,0.00151856808641034,0.000389826371789874,0.00044813372310499,0.00292916162456679,ar1,ar1,ar1,ar1,ar1
2000-11-01,0.00267266756244302,0.002956771864136545,0.00236935597888569,0.00266306392151112,0.00233803657155421,0.00172661913398731,0.00172364305816508,0.00123312880597146,0.000949024504277939,0.000645712920720608,0.000939420863346036,0.000614393513389129,arima,ar1,ar1,arima,ar1
2000-12-01,0.00240850058498688,0.002407385013425157,0.00261446306702387,0.00251092404022451,0.00233439066436387,0.00172364305816508,0.00229357898709903,0.000113806026326125,0.000114921597887851,0.000320884079924835,0.00021734505312548,4.08116772648388e-05,ar1,arima,arima,arima,ar1
2001-01-01,0.00238550041865035,0.001999398273890031,0.00219838828819569,0.00209889328104286,0.00271384187170929,0.00229357898709903,0.00571103779551496,-0.00371163952162493,-0.00332553737686462,-0.00351264950731927,-0.0036121445144721,-0.00299719592380567,arima,arima,arima,arima,arima
2001-02-01,0.00363113998352586,0.002166993770582506,0.00232227727090974,0.00224463552074612,0.00499331020435158,0.00571103779551496,0.00227531383713497,-0.000108320066552467,0.00135582614639088,4.69634337747675e-05,-3.06783163888501e-05,0.00271799636721661,ar1,ar1,ar1,ar1,ar1
2001-03-01,0.00269216666376492,0.0032044901478126635,0.002531668274191,0.00286807921100183,0.00270495348191217,0.00227531383713497,0.000568020464008612,0.00263646968380405,0.00212414619975631,0.00196364781018239,0.00230005874699322,0.00213693301790356,arima,ar1,arima,ar1,ar1
2001-04-01,0.00184050061657368,0.0032507988297340944,0.0023688448116193,0.0028098218206767,0.00156545320539008,0.000568020464008612,0.00170212807053094,0.00154867075920316,0.000138372546042738,0.000666716741088364,0.00110769375014576,-0.00013667486514086,arima,arima,arima,arima,arima
2001-05-01,0.00263043459935919,0.001899608806879724,0.00210301689533755,0.00200131285110863,0.00231958674257836,0.00170212807053094,0.00508906950747168,-0.00318946070059195,-0.00245863490811248,-0.00298605261213413,-0.00308775665636304,-0.00276948276489332,arima,arima,arima,arima,arima
2001-06-01,0.00312079824088312,0.002259228037275757,0.00235432359564941,0.00230677581646259,0.00457298249180148,0.00508906950747168,0.00225352208044338,5.705956832375e-06,0.000867276160439735,0.000100801515206032,5.32537360192036e-05,0.0023194604113581,ar1,ar1,ar1,ar1,ar1
2001-07-01,0.00227085326937815,0.0026324359755210474,0.00208161051722673,0.00235702324637389,0.00268925186960508,0.00225352208044338,-0.00168966528512726,0.00432210126064831,0.00396051855450541,0.00377127580235399,0.00404668853150115,0.00437891715473234,arima,ar1,arima,ar1,ar1
2001-08-01,0.00164774009532759,0.0031407193311705807,0.00209540579402143,0.00261806256259601,6.17829271941828e-05,-0.00168966528512726,0,0.00314071933117058,0.00164774009532759,0.00209540579402143,0.00261806256259601,6.17829271941828e-05,arima,arima,arima,arima,arima
2001-09-01,0.000832387847311395,0.0018466826875633276,0.00197069243404397,0.00190868756080365,0.00118293954524257,0,0.00393812042013764,-0.00209143773257431,-0.00310573257282624,-0.00196742798609367,-0.00202943285933399,-0.00275518087489507,ar1,ar1,ar1,ar1,ar1
2001-10-01,0.0025468505143408,0.002742849176568908,0.00211263129501539,0.00242774023579215,0.003801562935826,0.00393812042013764,-0.00281135973754676,0.00555420891411567,0.00535821025188756,0.00492399103256215,0.00523909997333891,0.00661292267337276,arima,ar1,ar1,ar1,ar1
2001-11-01,0.000659483401452353,0.0011619990416966463,0.00214672599118081,0.00165436251643873,-0.000673308724949815,-0.00281135973754676,-0.000563221642599032,0.00172522068429568,0.00122270504405139,0.00270994763377984,0.00221758415903776,-0.000110087082350783,arima,arima,arima,arima,arima
2001-12-01,0.000627142270302356,0.0017956133172000283,0.00190373226553278,0.0018496727913664,0.00081345283294918,-0.000563221642599032,-0.000563539039991845,0.00235915235719187,0.0011906813102942,0.00246727130552462,0.00241321183135825,0.00137699187294103,arima,arima,arima,arima,arima
2002-01-01,-1.62028370163576e-05,0.0011239976518709642,0.0018195749517868,0.00147178630182888,0.00080572058758742,-0.000563539039991845,0.00168966528512726,-0.000565667633256298,-0.00170586812214362,0.000129909666659535,-0.000217878983298381,-0.000883944697539842,ar1,ar1,ar1,ar1,ar1
2002-02-01,0.000803794568970118,0.0021068281207052213,0.00191263953281217,0.00200973382675869,0.00230072683657677,0.00168966528512726,0.00168681513147906,0.000420012989226163,-0.00088302056250894,0.000225824401333109,0.000322918695279636,0.000613911705097708,ar1,ar1,ar1,ar1,ar1
2002-03-01,0.000801577510155378,0.0021034907545524457,0.00188643064191338,0.00199496069823291,0.00229723563474122,0.00168681513147906,0.0028050509276083,-0.000701560173055853,-0.00200347341745292,-0.000918620285694923,-0.000810090229375388,-0.000507815292867076,ar1,ar1,ar1,arima,ar1
2002-04-01,0.00199386343543205,0.00259304775136471,0.00197013762508061,0.00228159268822266,0.00303839492974869,0.0028050509276083,0.00447177939139376,-0.00187873164002905,-0.00247791595596171,-0.00250164176631315,-0.0021901867031711,-0.00143338446164507,ar1,arima,ar1,arima,ar1
2002-05-01,0.00209895818318868,0.0031913206065499306,0.00274577094068975,0.00296854577361984,0.00414325112714938,0.00447177939139376,0.0011148273172461,0.00207649328930383,0.000984130865942577,0.00163094362344364,0.00185371845637374,0.00302842380990328,arima,arima,arima,ar1,arima
2002-06-01,0.0012380805857257,0.0018308885680410538,0.00190781909720248,0.00186935383262177,0.0019194405067619,0.0011148273172461,0.000556947939766239,0.00127394062827481,0.000681132645959458,0.00135087115743625,0.00131240589285553,0.00136249256699566,arima,arima,arima,ar1,arima
2002-07-01,0.00173323027812723,0.0014230930939094755,0.00185131477208539,0.00163720393299743,0.00154613530315063,0.000556947939766239,0.00222469502211098,-0.000801601928201503,-0.00049146474398375,-0.000373380250025589,-0.000587491089113546,-0.000678559718960345,arima,ar1,arima,ar1,ar1
2002-08-01,0.00229288350982024,0.002224952948253794,0.00194874355307336,0.00208684825066358,0.00265093539850793,0.00222469502211098,0.0027739268827256,-0.000548973934471803,-0.000481043372905361,-0.00082518332965224,-0.000687078632062021,-0.000122991484217665,arima,arima,arima,arima,arima
2002-09-01,0.00129923146281942,0.002065724128958513,0.00197110697476211,0.00201841555186031,0.00301414586780796,0.0027739268827256,0.00166067018514049,0.000405053943818024,-0.000361438722321074,0.000310436789621618,0.000357745366719821,0.00135347568266747,arima,ar1,ar1,ar1,ar1
2002-10-01,0.00242347178331639,0.002001972845308409,0.00192627640116489,0.00196412462323665,0.00227534549681674,0.00166067018514049,0.00220994565080268,-0.000207972805494271,0.000213526132513712,-0.000283669249637791,-0.000245821027566031,6.53998460140564e-05,ar1,arima,arima,arima,ar1
2002-11-01,0.00217268705318303,0.0023737861575980042,0.00196001641684319,0.0021669012872206,0.00263820124823878,0.00220994565080268,0.00165426009602587,0.000719526061572132,0.000518426957157162,0.000305756320817319,0.000512641191194725,0.000983941152212903,arima,ar1,ar1,ar1,ar1
2002-12-01,0.00192987321944167,0.0020702748613544734,0.00191729489929339,0.00199378488032393,0.00226860213959973,0.00165426009602587,0.00165152803847324,0.000418746822881236,0.000278345180968431,0.000265766860820148,0.000342256841850692,0.000617074101126495,arima,ar1,arima,ar1,ar1
2003-01-01,0.00120852733156695,0.002153345753544868,0.00192751220098422,0.00204042897726454,0.00226520184417166,0.00165152803847324,0.00439078641749013,-0.00223744066394527,-0.00318225908592318,-0.00246327421650592,-0.00235035744022559,-0.00212558457331847,ar1,ar1,ar1,arima,ar1
2003-02-01,0.00272714965523621,0.002323360763976081,0.00205482083579658,0.00218909079988633,0.00408077253402778,0.00439078641749013,0.00546151002552175,-0.00313814926154567,-0.00273436037028555,-0.00340668918972517,-0.00327241922563542,-0.00138073749149397,arima,arima,arima,arima,arima
2003-03-01,0.0033917913383385,0.004090574290363962,0.00222021046413471,0.00315539237724933,0.00479108977740825,0.00546151002552175,0.00163265342388552,0.00245792086647844,0.00175913791445297,0.000587557040249185,0.00152273895336381,0.00315843635352273,arima,ar1,ar1,ar1,ar1
2003-04-01,0.00229277247289876,0.0016427151438027788,0.00199351645629072,0.00181811580004675,0.00225683993916844,0.00163265342388552,-0.00381367937024546,0.00545639451404824,0.00610645184314422,0.00580719582653618,0.00563179517029221,0.0060705193094139,ar1,ar1,ar1,ar1,ar1
2003-05-01,0.00039293874985958,5.386326477044097e-4,0.00162346447277228,0.00108104856023835,-0.00136421211318788,-0.00381367937024546,-0.00163889684321017,0.00217752949091458,0.00203183559306975,0.00326236131598245,0.00271994540344851,0.000274684730022285,arima,arima,arima,arima,arima
2003-06-01,0.000748016312154051,6.889295626103486e-4,0.00144014754085239,0.00106453855173137,7.25702158918431e-05,-0.00163889684321017,0.00109289628364451,-0.000403966721034158,-0.000344879971490456,0.000347251257207884,-2.8357731913137e-05,-0.00102032606775266,arima,arima,ar1,ar1,arima
2003-07-01,0.00151520761910577,0.0018779785507587166,0.00177812456895236,0.00182805155985554,0.00188703475099513,0.00109289628364451,0.00327154054061563,-0.00139356198985691,-0.00175633292150985,-0.00149341597166327,-0.00144348898076009,-0.00138450578962049,ar1,ar1,ar1,arima,ar1
2003-08-01,0.00178361822784369,0.0028304628915088426,0.00200745206072315,0.002418957476116,0.00333022666513781,0.00327154054061563,0.00434547125950147,-0.00151500836799262,-0.00256185303165778,-0.00233801919877832,-0.00192651378338547,-0.00101524459436365,ar1,ar1,ar1,arima,ar1
2003-09-01,0.00193411328234602,0.0034242841076193623,0.00221250169695435,0.00281839290228685,0.00404195324624768,0.00434547125950147,0.00324675609887048,0.000177528008748878,-0.00131264281652446,-0.00103425440191614,-0.000428363196583631,0.000795197147377192,ar1,ar1,ar1,arima,ar1
2003-10-01,0.00298896664275374,0.00283935065297513,0.00208728740398144,0.00246331902847829,0.00331430189076459,0.00324675609887048,-0.00108108118637329,0.00392043183934842,0.00407004782912703,0.00316836859035473,0.00354440021485157,0.00439538307713788,ar1,ar1,ar1,ar1,ar1
2003-11-01,0.0012705969141155,7.615264866820403e-4,0.00148382571426552,0.00112267610047378,0.000446820704934413,-0.00108108118637329,0.000540686685245539,0.000220839801436501,0.000729910228869962,0.000943139029019985,0.000581989415228243,-9.38659803111264e-05,ar1,arima,ar1,arima,ar1
2003-12-01,0.00147697755039229,0.001958409909513514,0.00172471359634464,0.00184156175292908,0.00151890764929488,0.000540686685245539,0.00269905696916517,-0.000740647059651656,-0.00122207941877288,-0.000974343372820531,-0.000857495216236094,-0.00118014931987029,ar1,ar1,ar1,ar1,ar1
2004-01-01,0.00135762455971838,0.00260731771124774,0.0021316437191947,0.00236948071522122,0.00294756978362629,0.00269905696916517,0.00430339556005332,-0.00169607784880558,-0.00294577100033495,-0.00217175184085863,-0.00193391484483211,-0.00135582577642704,ar1,ar1,ar1,arima,ar1
2004-02-01,0.00216358271729799,0.0028390623778308086,0.0022128351366899,0.00252594875726035,0.00400859953991112,0.00430339556005332,0.0021447729401336,0.000694289437697209,1.88097771643921e-05,6.80621965563006e-05,0.000381175817126755,0.00186382659977752,arima,arima,arima,ar1,arima
2004-03-01,0.00194588111202383,0.0018358017829416466,0.00174242740034119,0.00178911459164142,0.00258138591364722,0.0021447729401336,0.00214018273236771,-0.000304380949426066,-0.000194301620343885,-0.000397755332026525,-0.000351068140726295,0.000441203181279505,arima,arima,arima,ar1,arima
2004-04-01,0.00226047013816428,0.0022575841595039435,0.00198089094672678,0.00211923755311536,0.00257740303410371,0.00214018273236771,0.00160213652427732,0.000655447635226623,0.000658333613886964,0.000378754422449459,0.000517101028838041,0.000975266509826391,ar1,ar1,ar1,ar1,ar1
2004-05-01,0.00221643933376475,0.0021593190294952984,0.00184318818735033,0.00200125360842281,0.00222032840407999,0.00160213652427732,0.00425985734695811,-0.00210053831746281,-0.00204341801319336,-0.00241666915960778,-0.00225860373853529,-0.00203952894287812,arima,arima,arima,arima,arima
2004-06-01,0.00281526951792449,0.002382700045221287,0.00247339819280901,0.00242804911901515,0.00397701290027704,0.00425985734695811,0.00371254735618454,-0.00132984731096325,-0.000897277838260047,-0.00123914916337553,-0.00128449823716939,0.000264465544092506,arima,arima,arima,arima,arima
2004-07-01,0.00259760568662286,0.0016180281098877349,0.00212754205822653,0.00187278508405713,0.00361542898805442,0.00371254735618454,0.00105820115694755,0.000559826952940188,0.00153940452967532,0.00106934090127898,0.000814583927109584,0.00255722783110688,ar1,ar1,ar1,ar1,ar1
2004-08-01,0.00186934904291303,0.0012503057675415812,0.0018936326881059,0.00157196922782374,0.00186251030158027,0.00105820115694755,0.000528680953365779,0.000721624814175802,0.00134066808954725,0.00136495173474012,0.00104328827445796,0.00133382934821449,ar1,arima,ar1,arima,ar1
2004-09-01,0.00166506313257728,0.0018529239940060264,0.00182842245801654,0.00184067322601128,0.00150919395049221,0.000528680953365779,0.00316622955805013,-0.0013133055640441,-0.00150116642547285,-0.00133780710003359,-0.00132555633203884,-0.00165703560755791,ar1,ar1,ar1,ar1,ar1
2004-10-01,0.00275603737410471,0.002255133088363928,0.00214216444177431,0.00219864876506912,0.00325161028353049,0.00316622955805013,0.00525487283835879,-0.00299973974999486,-0.00249883546425408,-0.00311270839658448,-0.00305622407328967,-0.0020032625548283,arima,arima,arima,arima,arima
2004-11-01,0.00331184873236153,0.0033007724196348087,0.00266606643339654,0.00298341942651567,0.00463063414073359,0.00525487283835879,0.00470589103741226,-0.00140511861777745,-0.00139404230505073,-0.00203982460401572,-0.00172247161089659,-7.52568966786629e-05,arima,arima,arima,arima,arima
2004-12-01,0.0032888014045173,0.0028612232176684752,0.00145545687136679,0.00215834004451763,0.00426904185640717,0.00470589103741226,0,0.00286122321766848,0.0032888014045173,0.00145545687136679,0.00215834004451763,0.00426904185640717,ar1,ar1,ar1,ar1,ar1
2005-01-01,0.00143690578541811,5.550654515058018e-4,0.00100422244683265,0.000779643949169225,0.00116699865837486,0,-0.000521784514838863,0.00107684996634467,0.00195869030025698,0.00152600696167151,0.00130142846400809,0.00168878317321372,ar1,ar1,ar1,ar1,ar1
2005-02-01,0.0012811969985082,0.0015971654512399267,0.00176115909418975,0.00167916227271484,0.000816320378534186,-0.000521784514838863,0.00416667269484616,-0.00256950724360624,-0.00288547569633796,-0.00240551360065642,-0.00248751042213133,-0.00335035231631198,ar1,ar1,ar1,ar1,ar1
2005-03-01,0.00323058468913565,0.003877614412487548,0.00272191473691776,0.00329976457470266,0.00390773255535033,0.00416667269484616,0.00363165120286268,0.000245963209624864,-0.000401066513727034,-0.00090973646594492,-0.000331886628160028,0.00027608135248765,ar1,arima,ar1,arima,ar1
2005-04-01,0.0034487674360272,7.870613666728112e-4,0.00153606877977731,0.00116156507322506,0.00355598044081527,0.00363165120286268,0.00310238097848181,-0.002315319611809,0.000346386457545386,-0.00156631219870451,-0.00194081590525675,0.000453599462333457,arima,arima,arima,arima,arima
2005-05-01,0.00283200118791312,0.0011510023513875436,0.00192649731469758,0.00153874983304256,0.00320820940638165,0.00310238097848181,-0.000516395570473449,0.00166739792186099,0.00334839675838657,0.00244289288517102,0.00205514540351601,0.0037246049768551,ar1,ar1,ar1,ar1,ar1
2005-06-01,0.000774427143286693,0.0018141143027422726,0.00197656378242265,0.00189533904258246,0.000827756057578562,-0.000516395570473449,0.000516395570473449,0.00129771873226882,0.000258031572813244,0.0014601682119492,0.00137894347210901,0.000311360487105113,arima,arima,arima,arima,arima
2005-07-01,0.00158516974861519,0.0022389601104326,0.00196342205626235,0.00210119108334747,0.00150406964595467,0.000516395570473449,0.00617603610056427,-0.00393707599013167,-0.00459086635194909,-0.00421261404430193,-0.0040748450172168,-0.00467196645460961,ar1,ar1,ar1,ar1,ar1
2005-08-01,0.00376279785448756,0.004658896788431572,0.00299869938521121,0.00382879808682139,0.00521894676938027,0.00617603610056427,0.00613812668878566,-0.00147922990035409,-0.0023753288342981,-0.00313942730357445,-0.00230932860196427,-0.000919179919405395,ar1,arima,ar1,arima,ar1
2005-09-01,0.00345447758295071,0.0035940584207535685,0.0014674937470814,0.00253077608391748,0.00519707202032685,0.00613812668878566,0.0136745610201734,-0.0100805025994198,-0.0102200834372227,-0.012207067273092,-0.0111437849362559,-0.00847748899984654,ar1,arima,arima,arima,ar1
2005-10-01,0.00699712232480985,0.008393310091348844,0.0053746711680994,0.00688399062972412,0.0101884065978478,0.0136745610201734,0.00150791684767704,0.00688539324367181,0.00548920547713281,0.00386675432042236,0.00537607378204709,0.00868048975017072,arima,ar1,ar1,ar1,ar1
2005-11-01,0.00363085239807653,0.002097416734360814,0.0016156082659672,0.00185651250016401,0.00219344799717745,0.00150791684767704,-0.00503525736564558,0.0071326741000064,0.00866610976372212,0.00665086563161279,0.00689176986580959,0.00722870536282303,ar1,ar1,ar1,ar1,ar1
2005-12-01,0.00097660713251786,3.3895773333270313e-4,0.000959360713774774,0.000649159223553739,-0.00203703432700617,-0.00503525736564558,0,0.000338957733332703,0.00097660713251786,0.000959360713774774,0.000649159223553739,-0.00203703432700617,ar1,ar1,ar1,ar1,ar1
2006-01-01,0.00254437060840064,0.0016772970706242303,0.00179634348180591,0.00173682027621507,0.00121961995845408,0,0.0060392735142436,-0.00436197644361937,-0.00349490290584297,-0.0042429300324377,-0.00430245323802854,-0.00481965355578953,arima,arima,arima,ar1,arima
2006-02-01,0.00473233661204042,0.003278818977028524,0.00319721822136769,0.00323801859919811,0.00508773789875293,0.0060392735142436,0.000501630308988865,0.00277718866803966,0.00423070630305155,0.00269558791237883,0.00273638829020924,0.00458610758976407,ar1,ar1,ar1,ar1,ar1
2006-03-01,0.00240460166718369,0.0018513180542799874,0.00178573590790904,0.00181852698109452,0.00155741695621162,0.000501630308988865,0.00150338289403162,0.000347935160248363,0.000901218773152068,0.000282353013877421,0.000315144087062892,5.40340621800008e-05,ar1,ar1,ar1,arima,ar1
2006-04-01,0.00271540368938828,0.0021020165441627513,0.00183750544813252,0.00196976099614764,0.00219334318415212,0.00150338289403162,0.00499501538052272,-0.00289299883635996,-0.00227961169113443,-0.00315750993239019,-0.00302525438437508,-0.00280167219637059,arima,arima,arima,arima,arima
2006-05-01,0.00262088588384035,0.002991520603643487,0.0026538350122371,0.00282267780794029,0.00441390298638804,0.00499501538052272,0.00298507684345406,6.44376018942711e-06,-0.000364190959613706,-0.000331241831216961,-0.000162399035513767,0.00142882614293398,ar1,ar1,ar1,ar1,ar1
2006-06-01,0.00399518815851589,0.0025453277909202837,0.00236323731157199,0.00245428255124614,0.00313743017129007,0.00298507684345406,0.00248077527376278,6.45525171575029e-05,0.00151441288475311,-0.000117537962190787,-2.64927225166424e-05,0.000656654897527286,ar1,ar1,ar1,ar1,ar1
2006-07-01,0.00338240162979975,0.0023622049419295597,0.00219726323347401,0.00227973408770178,0.00281681376424067,0.00248077527376278,0.00543613891225991,-0.00307393397033035,-0.00205373728246017,-0.00323887567878591,-0.00315640482455813,-0.00261932514801924,arima,arima,arima,arima,arima
2006-08-01,0.0023341390168185,0.0031091096294162584,0.00285468158844693,0.0029818956089316,0.00469258936584451,0.00543613891225991,0.00442587395685567,-0.00131676432743942,-0.00209173494003718,-0.00157119236840874,-0.00144397834792408,0.000266715408988835,ar1,ar1,ar1,arima,ar1
2006-09-01,0.00201508559147977,0.0028451595831425146,0.00259493006378414,0.00272004482346333,0.00405207900725544,0.00442587395685567,-0.00491884907159612,0.00776400865473864,0.00693393466307589,0.00751377913538026,0.00763889389505945,0.00897092807885156,arima,arima,arima,ar1,arima
2006-10-01,0.000917216208377083,5.499210484377819e-4,0.000902760800666754,0.000726340924552268,-0.00186362799707721,-0.00491884907159612,-0.00444774639823642,0.0049976674466742,0.0053649626066135,0.00535050719890317,0.00517408732278869,0.00258411840115921,ar1,ar1,ar1,arima,ar1
2006-11-01,0.000809598808886877,4.974944561258384e-4,0.000619315062803989,0.000558404759464914,-0.00160269896435521,-0.00444774639823642,0.00049517208241312,2.32237371271835e-06,0.000314426726473757,0.000124142980390869,6.32326770517936e-05,-0.00209787104676833,ar1,ar1,ar1,ar1,ar1
2006-12-01,0.00132667203823323,0.0018007120127480182,0.00165336040848559,0.0017270362106168,0.00155011728601116,0.00049517208241312,0.00543077118513402,-0.003630059172386,-0.00410409914690079,-0.00377741077664843,-0.00370373497451722,-0.00388065389912286,ar1,ar1,ar1,ar1,ar1
2007-01-01,0.00182093311914255,0.003097892676769692,0.00269650670353977,0.00289719969015473,0.00467300649608004,0.00543077118513402,0.00165790605623251,0.00143998662053719,0.000163027062910048,0.00103860064730726,0.00123929363392222,0.00301510043984753,arima,arima,arima,ar1,arima
2007-02-01,0.00176168590875989,0.002351665848872335,0.0015943090503386,0.00197298744960547,0.00229234830580794,0.00165790605623251,0.00387084913353952,-0.00151918328466719,-0.00210916322477963,-0.00227654008320092,-0.00189786168393406,-0.00157850082773159,ar1,arima,ar1,arima,ar1
2007-03-01,0.00210906870745365,0.002768294748215895,0.00239750078960431,0.0025828977689101,0.00368683119478714,0.00387084913353952,0.00518664749319964,-0.00241835274498374,-0.00307757878574599,-0.00278914670359533,-0.00260374972428954,-0.0014998162984125,ar1,ar1,ar1,arima,ar1
2007-04-01,0.00295320103576821,0.0030379228464997004,0.0026266245501345,0.0028322736983171,0.00451652880769787,0.00518664749319964,0.00299616948199866,4.17533645010442e-05,-4.29684462304471e-05,-0.000369544931864152,-0.000163895783681554,0.00152035932569921,ar1,arima,arima,ar1,ar1
2007-05-01,0.00217262122321491,0.0024865385635404755,0.00274247711938438,0.00261450784146243,0.00313706004897165,0.00299616948199866,0.00412447665692373,-0.00163793809338325,-0.00195185543370882,-0.00138199953753935,-0.0015099688154613,-0.000987416607952073,ar1,ar1,ar1,arima,ar1
2007-06-01,0.00222128141097079,0.0027692677053052965,0.00277717311462339,0.00277322040996434,0.00384713378552161,0.00412447665692373,0.002314072179459,0.000455195525846293,-9.27907684882155e-05,0.000463100935164389,0.000459148230505341,0.00153306160606261,arima,arima,arima,ar1,arima
2007-07-01,0.00107421004308515,0.002303967184150448,0.00223591913556893,0.00226994315985969,0.00270808015433577,0.002314072179459,0.001779012466681,0.000524954717469452,-0.000704802423595847,0.000456906668887933,0.000490930693178692,0.000929067687654772,ar1,ar1,ar1,ar1,ar1
2007-08-01,0.00204370407406994,0.0021667309540258227,0.00215911754107628,0.00216292424755105,0.00237047209788988,0.001779012466681,0.000308233200118302,0.00185849775390752,0.00173547087395164,0.00185088434095798,0.00185469104743275,0.00206223889777158,arima,arima,arima,ar1,arima
2007-09-01,0.00149073634235916,0.0017734064325732573,0.00170454857092407,0.00173897750174866,0.00144119695769045,0.000308233200118302,0.00422860024543859,-0.00245519381286533,-0.00273786390307942,-0.00252405167451452,-0.00248962274368992,-0.00278740328774813,ar1,ar1,ar1,ar1,ar1
2007-10-01,0.00416055643834662,0.002790047617495569,0.00263388652148142,0.00271196706948849,0.00390867997015866,0.00422860024543859,0.00307849440109909,-0.000288446783603517,0.00108206203724754,-0.000444607879617664,-0.000366527331610591,0.000830185569059574,ar1,ar1,ar1,ar1,ar1
2007-11-01,0.00345073434376355,0.002501280983068854,0.00234556115322198,0.00242342106814542,0.00318641923037882,0.00307849440109909,0.00782816408287346,-0.0053268830998046,-0.0043774297391099,-0.00548260292965147,-0.00540474301472804,-0.00464174485249464,arima,arima,arima,arima,arima
2007-12-01,0.00416071405909431,0.00372570623735345,0.00346947051398111,0.00359758837566728,0.00617098696452665,0.00782816408287346,0.00289382340294875,0.000831882834404702,0.00126689065614556,0.000575647111032362,0.000703764972718532,0.0032771635615779,ar1,ar1,ar1,ar1,ar1
2008-01-01,0.00270098474769157,0.002375342196425553,0.00244462891003602,0.00240998555323078,0.0030746844200544,0.00289382340294875,0.00344177536717361,-0.00106643317074805,-0.000740790619482039,-0.00099714645713759,-0.00103178981394282,-0.000367090947119206,arima,arima,arima,arima,arima
2008-02-01,0.00346945007736179,0.002606846759123868,0.00250878005655742,0.00255781340784064,0.0034168513507417,0.00344177536717361,0.00241490863745408,0.000191938121669785,0.00105454143990771,9.3871419103339e-05,0.000142904770386562,0.00100194271328761,ar1,ar1,ar1,ar1,ar1
2008-03-01,0.00273661904080862,0.002346213148754178,0.0023766738947725,0.00236144352176334,0.00277490241018471,0.00241490863745408,0.00357164189274517,-0.00122542874399099,-0.00083502285193655,-0.00119496799797267,-0.00121019837098183,-0.000796739482560455,arima,arima,arima,arima,arima
2008-04-01,0.00309098640215045,0.00264008743141123,0.00260809111036418,0.0026240892708877,0.00349747310014422,0.00357164189274517,0.00231170696550809,0.000328380465903143,0.000779279436642365,0.000296384144856088,0.000312382305379616,0.00118576613463613,ar1,ar1,ar1,ar1,ar1
2008-05-01,0.00283640791020115,0.0023110907613868286,0.00232289793156222,0.00231699434647453,0.00270982969267904,0.00231170696550809,0.00590005206812361,-0.00358896130673678,-0.00306364415792246,-0.00357715413656138,-0.00358305772164908,-0.00319022237544456,arima,arima,arima,arima,arima
2008-06-01,0.00426706342827378,0.0032316710491423714,0.0031589823108934,0.00319532668001788,0.00495148915986132,0.00590005206812361,0.0104237187971661,-0.00719204774802371,-0.00615665536889231,-0.00726473648627268,-0.0072283921171482,-0.00547222963730476,arima,arima,arima,arima,arima
2008-07-01,0.00555031614325129,0.006503670840060649,0.00439025695015888,0.00544696389510977,0.00779639660428577,0.0104237187971661,0.00711606539350473,-0.000612394553444084,-0.00156574925025345,-0.00272580844334585,-0.00166910149839497,0.000680331210781033,ar1,arima,arima,arima,ar1
2008-08-01,0.00539982363122241,0.004850709321036198,0.00370399715625682,0.00427735323864651,0.00572379980117097,0.00711606539350473,-0.0014895846082954,0.0063402939293316,0.00688940823951781,0.00519358176455223,0.00576693784694191,0.00721338440946637,ar1,ar1,ar1,ar1,ar1
2008-09-01,0.00274846712087664,0.0013601044616548164,0.00149886045672244,0.00142948245918863,0.000359159738946488,-0.0014895846082954,0.000854726299673203,0.000505378161981613,0.00189374082120343,0.000644134157049237,0.000574756159515425,-0.000495566560726715,ar1,ar1,ar1,arima,ar1
2008-10-01,0.00417812644124281,0.0019598613606679523,0.00203601746963869,0.00199793941515332,0.00181448216405093,0.000854726299673203,-0.00863561639955801,0.010595477760226,0.0128137428408008,0.0106716338691967,0.0106335558147113,0.0104500985636089,ar1,ar1,ar1,arima,ar1
2008-11-01,-0.000894812190179659,-6.323638403048823e-4,-0.000607979010941489,-0.000620171425623186,-0.00413871150569322,-0.00863561639955801,-0.0178640940928183,0.0172317302525134,0.0169692819026386,0.0172561150818768,0.0172439226671951,0.0137253825871251,arima,arima,arima,arima,arima
2008-12-01,-0.00507475650142959,-0.008164743047865167,-0.00703334170223882,-0.00759904237505199,-0.0105414627865424,-0.0178640940928183,-0.00826760505408153,0.000102862006216361,0.00319284855265194,0.00123426335184271,0.000668562679029537,-0.00227385773246087,ar1,ar1,ar1,ar1,ar1
2009-01-01,-0.00203478672475503,-0.0030766450370082695,-0.00268499656751907,-0.00288082080226367,-0.00417573653047587,-0.00826760505408153,0.0025275743322668,-0.00560421936927507,-0.00456236105702184,-0.00521257089978587,-0.00540839513453047,-0.00670331086274268,arima,arima,arima,ar1,arima
2009-02-01,0.000607276909579836,0.002514363328836142,0.00204935693559184,0.00228186013221399,0.00281279592856165,0.0025275743322668,0.0036360422314452,-0.00112167890260906,-0.00302876532186537,-0.00158668529585336,-0.00135418209923121,-0.000823246302883553,ar1,ar1,ar1,arima,ar1
2009-03-01,0.000744619383282722,0.0030757964174220062,0.00250590697709277,0.00279085169725739,0.00351557690714766,0.0036360422314452,-0.000987770541272859,0.00406356695869487,0.00173238992455558,0.00349367751836563,0.00377862223853025,0.00450334744842052,arima,arima,arima,ar1,arima
2009-04-01,-0.000786882766960195,7.333582629661161e-4,0.000637143525973286,0.000685250894469701,0.000583113533748267,-0.000987770541272859,0.00100657575219731,-0.000273217489231198,-0.00179345851915751,-0.000369432226224028,-0.000321324857727613,-0.000423462218449047,ar1,ar1,ar1,ar1,ar1
2009-05-01,-0.000275750128449875,0.0017418245858593284,0.00143033549620833,0.00158608004103383,0.00184626382306908,0.00100657575219731,0.00147041233264744,0.000271412253211887,-0.00174616246109732,-4.00768364391081e-05,0.000115667708386389,0.000375851490421635,ar1,ar1,ar1,ar1,ar1
2009-06-01,-0.000119862670601502,0.001974949448248453,0.00160527085931978,0.00179011015378411,0.00213857357548403,0.00147041233264744,0.00826535985544119,-0.00629041040719274,-0.00838522252604269,-0.00666008899612142,-0.00647524970165708,-0.00612678627995716,ar1,ar1,ar1,arima,ar1
2009-07-01,0.00365342118963494,0.005409716550665776,0.00436262931575642,0.0048861729332111,0.00643735276458987,0.00826535985544119,-0.000298009855155712,0.00570772640582149,0.00395143104479066,0.00466063917091213,0.00518418278836681,0.00673536261974558,arima,arima,arima,ar1,arima
2009-08-01,0.00101226474719646,0.0011068515016718927,0.000996798789299266,0.00105182514548558,0.00104487227452954,-0.000298009855155712,0.00334285979087934,-0.00223600828920745,-0.00233059504368288,-0.00234606100158007,-0.00229103464539376,-0.0022979875163498,ar1,arima,ar1,arima,ar1
2009-09-01,0.00170482431818059,0.00292869239155925,0.00238491992298906,0.00265680615727416,0.0033267385314429,0.00334285979087934,0.00192902546683626,0.000999666924722985,-0.000224201148655671,0.000455894456152798,0.000727780690437892,0.00139771306460663,arima,arima,arima,ar1,arima
2009-10-01,0.00286178281291177,0.002222189330645479,0.00184479417310835,0.00203349175187691,0.00244094150317835,0.00192902546683626,0.00299743499858529,-0.000775245667939812,-0.000135652185673522,-0.00115264082547694,-0.000963943246708378,-0.00055649349540694,arima,arima,arima,arima,arima
2009-11-01,0.00322011394839335,0.002755299068061103,0.00225783506730479,0.00250656706768295,0.00311012250844833,0.00299743499858529,0.00334299654493098,-0.000587697476869873,-0.000122882596537628,-0.00108516147762619,-0.00083642947724803,-0.000232874036482642,arima,arima,arima,arima,arima
2009-12-01,0.00253693834154335,0.0029277320238848903,0.0023943729634558,0.00266105249367035,0.00332581552386804,0.00334299654493098,0.000520041154797646,0.00240769086908724,0.0020168971867457,0.00187433180865815,0.0021410113388727,0.0028057743690704,arima,ar1,arima,ar1,ar1
2010-01-01,0.0004215368175857,0.0015174227038949534,0.00131887841577568,0.00141815055983532,0.00155890310842594,0.000520041154797646,0.000648521875846519,0.000868900828048434,-0.000226985058260819,0.000670356539929159,0.000769628683988796,0.000910381232579421,arima,arima,arima,ar1,arima
2010-02-01,0.000897422888107118,0.0016326433210543264,0.00135680101770278,0.00149472216937855,0.00163649479961918,0.000648521875846519,-0.000952229876745037,0.00258487319779936,0.00184965276485215,0.00230903089444781,0.00244695204612359,0.00258872467636422,arima,arima,arima,ar1,arima
2010-03-01,0.000545440576952665,0.0010891528239428123,0.0006960375159907,0.000892595169966756,0.000628248945148897,-0.000952229876745037,0.000331313245896858,0.000757839578045954,0.000214127331055807,0.000364724270093842,0.000561281924069898,0.000296935699252039,arima,arima,arima,arima,arima
2010-04-01,0.000712494985840412,0.0015112092899121528,0.00118159171986779,0.00134640050488997,0.00142989314878023,0.000331313245896858,0.000230014077875929,0.00128119521203622,0.000482480907964484,0.000951577641991859,0.00111638642701404,0.0011998790709043,arima,arima,arima,ar1,arima
2010-05-01,0.000321633243144398,0.0014709222019921744,0.00115351681106477,0.00131221950652847,0.00136288443228709,0.000230014077875929,-0.000519907164575173,0.00199082936656735,0.000841540407719571,0.00167342397563995,0.00183212667110365,0.00188279159686226,arima,arima,arima,ar1,arima
2010-06-01,-0.00104562457257735,0.0011065215307853329,0.000815208649936591,0.000960865090360962,0.000886867616938463,-0.000519907164575173,-0.000418882877728066,0.0015254044085134,-0.000626741694849285,0.00123409152766466,0.00137974796808903,0.00130575049466653,arima,arima,arima,ar1,arima
2010-07-01,0.000628057106262927,0.0012329659834318242,0.000861196639620125,0.00104708131152597,0.000945246967041265,-0.000418882877728066,0.00186750866135821,-0.000634542677926384,-0.00123945155509528,-0.00100631202173808,-0.000820427349832233,-0.000922261694316943,ar1,ar1,ar1,arima,ar1
2010-08-01,0.00153170442739811,0.0020059026891549392,0.00168893160564015,0.00184741714739755,0.00238298493980939,0.00186750866135821,0.00146029672723902,0.00054560596191592,7.14077001590925e-05,0.000228634878401134,0.000387120420158527,0.00092268821257037,arima,arima,arima,ar1,arima
2010-09-01,0.0011386469181056,0.001942329316654472,0.00153084364346351,0.00173658648005899,0.00212553822101132,0.00146029672723902,0.00161394631065725,0.000328383005997217,-0.000475299392551659,-8.31026671937452e-05,0.000122640169401736,0.00051159191035407,ar1,ar1,ar1,ar1,ar1
2010-10-01,0.00203406255258973,0.0019171056840002715,0.00158880284299505,0.00175295426349766,0.0022211533457716,0.00161394631065725,0.00347579870179526,-0.00155869301779499,-0.00144173614920553,-0.00188699585880021,-0.0017228444382976,-0.00125464535602366,arima,arima,arima,arima,arima
2010-11-01,0.0033360347097207,0.002820842245481471,0.00234410640678335,0.00258247432613241,0.00339253723704786,0.00347579870179526,0.00253063685923394,0.000290205386247534,0.000805397850486764,-0.000186530452450588,5.18374668984733e-05,0.000861900377813921,ar1,ar1,ar1,ar1,ar1
2010-12-01,0.002097111345655,0.002229075306386215,0.00196398756851024,0.00209653143744823,0.00279893043303953,0.00253063685923394,0.00400853143884916,-0.00177945613246295,-0.00191142009319416,-0.00204454387033892,-0.00191200000140093,-0.00120960100580963,ar1,arima,arima,arima,ar1
2011-01-01,0.0020033040391969,0.003241860477747099,0.00254729946812519,0.00289457997293615,0.00372581501374499,0.00400853143884916,0.003237794880806,4.06559694109913e-06,-0.0012344908416091,-0.000690495412680805,-0.000343214907869853,0.000488020132938992,ar1,ar1,ar1,arima,ar1
2011-02-01,0.00231887847376122,0.0028551930032151124,0.00225281317392482,0.00255400308856997,0.00324320313655717,0.003237794880806,0.00320931925142531,-0.000354126248210201,-0.000890440777664096,-0.000956506077500491,-0.000655316162855346,3.38838851318595e-05,ar1,arima,ar1,arima,ar1
2011-03-01,0.00255509895604117,0.0028408540954755306,0.00228072042420337,0.00256078725983945,0.00322531552642727,0.00320931925142531,0.00516021138565659,-0.00231935729018106,-0.00260511242961541,-0.00287949096145321,-0.00259942412581714,-0.00193489585922932,ar1,arima,ar1,arima,ar1
2011-04-01,0.00331434479137552,0.00382060945054169,0.00306970061136582,0.00344515503095375,0.00445038563285466,0.00516021138565659,0.00468311604905569,-0.000862506598514001,-0.00136877125768017,-0.00161341543768987,-0.00123796101810194,-0.000232730416201036,ar1,arima,ar1,arima,ar1
2011-05-01,0.00331041418306698,0.00358215406727242,0.0028993187290847,0.00324073639817856,0.00415171759245123,0.00468311604905569,0.00317666379111969,0.000405490276152726,0.000133750391947291,-0.000277345062034996,6.40726070588651e-05,0.000975053801331532,arima,arima,ar1,ar1,arima
2011-06-01,0.00208618014434359,0.0028264986567945573,0.00228613392662344,0.002556316291709,0.00320677797629416,0.00317666379111969,0,0.00282649865679456,0.00208618014434359,0.00228613392662344,0.002556316291709,0.00320677797629416,arima,arima,arima,ar1,arima
2011-07-01,0.00164191128102836,0.0013837417374102615,0.0009844144630436,0.00118407810022693,0.0012087484776914,0,0.0026166105186638,-0.00123286878125354,-0.000974699237635435,-0.0016321960556202,-0.00143253241843687,-0.0014078620409724,arima,arima,arima,arima,arima
2011-08-01,0.00238480359431897,0.002269771326888247,0.0020470073574704,0.00215838934217932,0.00285357378546429,0.0026166105186638,0.00314949728891101,-0.000879725962022761,-0.000764693694592039,-0.00110248993144061,-0.000991107946731684,-0.000295923503446722,arima,arima,arima,arima,arima
2011-09-01,0.0027443491301432,0.0028109057259106725,0.00225455665409436,0.00253273119000252,0.00318745092869356,0.00314949728891101,0.00216919345588362,0.00064171227002705,0.000575155674259582,8.53631982107401e-05,0.000363537734118895,0.00101825747280994,arima,ar1,ar1,ar1,ar1
2011-10-01,0.0021574792236273,0.002119799976554319,0.00187345161963029,0.0019966257980923,0.00257266138340736,0.00216919345588362,0.000674979676975163,0.00144482029957916,0.00148249954665214,0.00119847194265513,0.00132164612111714,0.00189768170643219,ar1,ar1,ar1,ar1,ar1
2011-11-01,0.00174401133611643,0.0016127465885837913,0.00124327329387506,0.00142800994122943,0.00163118931027585,0.000674979676975163,0.00184614488049473,-0.000233398291910935,-0.000102133544378296,-0.000602871586619667,-0.000418134939265302,-0.00021495557021888,arima,arima,arima,arima,arima
2011-12-01,0.00208420183633993,0.002007074240117814,0.00169966157713067,0.00185336790862424,0.00236545880305114,0.00184614488049473,0.000237680241968796,0.00176939399814902,0.00184652159437114,0.00146198133516187,0.00161568766665544,0.00212777856108234,ar1,ar1,ar1,ar1,ar1
2012-01-01,0.00121694780380219,0.0014600424813513994,0.00101134800216444,0.00123569524175792,0.00135298335378522,0.000237680241968796,0.00272049215726167,-0.00126044967591027,-0.00150354435345947,-0.00170914415509723,-0.00148479691550375,-0.00136750880347645,ar1,arima,ar1,arima,ar1
2012-02-01,0.00239217935604281,0.002299128525237721,0.00204797481648112,0.00217355167085942,0.00291351679797072,0.00272049215726167,0.00213516503686773,0.000163963488369996,0.000257014319175089,-8.71902203866013e-05,3.83866339916973e-05,0.000778351761102991,ar1,ar1,ar1,ar1,ar1
2012-03-01,0.00186278133782476,0.002101660257558464,0.00182698623311855,0.00196432324533851,0.00254616528438227,0.00213516503686773,0.00209128213139831,1.03781261601554e-05,-0.000228500793573546,-0.000264295898279762,-0.000126958886059803,0.000454883152983961,ar1,arima,ar1,ar1,ar1
2012-04-01,0.00193384567598379,0.00205975659084487,0.00178674372069647,0.00192325015577067,0.00251791906299812,0.00209128213139831,0.00165941076607456,0.000400345824770305,0.000274434909909222,0.000127332954621901,0.000263839389696103,0.000858508296923556,arima,ar1,ar1,ar1,ar1
2012-05-01,0.00197837039481395,0.001939712556610421,0.00160320760478773,0.00177146008069907,0.00224391106845076,0.00165941076607456,-0.00207032177028221,0.00401003432689263,0.00404869216509616,0.00367352937506994,0.00384178185098129,0.00431423283873297,ar1,ar1,ar1,ar1,ar1
2012-06-01,0.000378704660587404,6.711469016382335e-4,-1.98866285433796e-05,0.000325630136547427,-0.000105641037570965,-0.00207032177028221,-0.000826704797574074,0.00149785169921231,0.00120540945816148,0.000806818169030694,0.0011523349341215,0.000721063760003109,arima,ar1,ar1,arima,ar1
2012-07-01,0.000366737485622162,0.0010786593105902502,0.00047587699071219,0.00077726815065122,0.000671462909893701,-0.000826704797574074,0.000288768230500835,0.000789891080089415,7.79692551213266e-05,0.000187108760211354,0.000488499920150384,0.000382694679392865,arima,arima,arima,ar1,arima
2012-08-01,0.000901039917951473,0.001452280547525056,0.000959366773422268,0.00120582366047366,0.00137097214369957,0.000288768230500835,0.00579271774312318,-0.00434043719559812,-0.0048916778251717,-0.00483335096970091,-0.00458689408264952,-0.00442174559942361,ar1,ar1,ar1,arima,ar1
2012-09-01,0.00331186462474729,0.0033236151577223285,0.00330387747169783,0.00331374631471008,0.00483166564167938,0.00579271774312318,0.00475991986345825,-0.00143630470573592,-0.00144805523871096,-0.00145604239176042,-0.00144617354874817,7.17457782211262e-05,ar1,arima,ar1,arima,ar1
2012-10-01,0.00304895944587502,0.0029806386969604614,0.00286756739199299,0.00292410304447672,0.00418458086636487,0.00475991986345825,0.00269316475440018,0.000287473942560282,0.000355794691474838,0.000174402637592807,0.000230938290076545,0.00149141611196469,ar1,ar1,ar1,ar1,ar1
2012-11-01,0.00221113480780313,0.00228156475700075,0.00201663332769554,0.00214909904234815,0.00288922198690085,0.00269316475440018,-0.00168075617407748,0.00396232093107823,0.00389189098188061,0.00369738950177302,0.00382985521642563,0.00456997816097833,arima,ar1,ar1,ar1,ar1
2012-12-01,0.000406757524374901,7.983074688468586e-4,0.000171174738128903,0.000484741103487881,0.000140378824881787,-0.00168075617407748,-0.000121088935646441,0.000919396404493299,0.000527846460021342,0.000292263673775343,0.000605830039134321,0.000261467760528228,arima,ar1,arima,arima,ar1
2013-01-01,0.00069503560712923,0.0013178525787965521,0.000761095985783356,0.00103947428228995,0.00111645556472482,-0.000121088935646441,0.00197882976647978,-0.000660977187683232,-0.00128379415935055,-0.00121773378069643,-0.00093935548418983,-0.000862374201754966,ar1,ar1,ar1,arima,ar1
2013-02-01,0.00180297528112896,0.002029030956642825,0.0016470988790536,0.00183806491784821,0.00243632104242458,0.00197882976647978,0.00541523784895492,-0.0033862068923121,-0.00361226256782596,-0.00376813896990132,-0.00357717293110671,-0.00297891680653034,ar1,arima,ar1,arima,ar1
2013-03-01,0.00307115871659128,0.0031947947884163634,0.00311934819608995,0.00315707149225316,0.00458928999972884,0.00541523784895492,-0.00281587997395238,0.00601067476236875,0.00588703869054366,0.00593522817004234,0.00597295146620554,0.00740516997368122,arima,arima,arima,ar1,arima
2013-04-01,-0.000354213836129042,4.430455544166673e-4,-0.000278341509120394,8.23520226481368e-05,-0.000556591955252267,-0.00281587997395238,-0.00209016213434055,0.00253320768875721,0.0017359482982115,0.00181182062522015,0.00217251415698868,0.00153357017908828,arima,arima,arima,arima,arima
2013-05-01,0.000310994674037357,6.574150502225164e-4,3.12211472069987e-05,0.000344318098714758,-0.000114119480223396,-0.00209016213434055,0.000414069750788393,0.000243345299434124,-0.000103075076751035,-0.000382848603581394,-6.97516520736352e-05,-0.000528189231011788,arima,arima,ar1,ar1,arima
2013-06-01,0.00128512933452562,0.0014937511541771305,0.000951128911476042,0.00122244003282659,0.00145204223963813,0.000414069750788393,0.00237757952195494,-0.000883828367777812,-0.00109245018742932,-0.0014264506104789,-0.00115513948912836,-0.000925537282316809,ar1,arima,arima,arima,ar1
2013-07-01,0.00158154721316866,0.0021526182759649118,0.00175865349508299,0.00195563588552395,0.00268079804897214,0.00237757952195494,0.00195553898719592,0.000197079288768997,-0.000373991774027257,-0.000196885492112922,9.68983280376021e-08,0.00072525906177622,ar1,ar1,ar1,ar1,ar1
2013-08-01,0.000870953106886191,0.0020107161232715037,0.00160982703145971,0.00181027157736561,0.00241671632267881,0.00195553898719592,0.00238444563137108,-0.000373729508099576,-0.00151349252448489,-0.000774618599911366,-0.000574174054005471,3.22706913077307e-05,ar1,ar1,ar1,arima,ar1
2013-09-01,0.00159572818423938,0.0021544287185401283,0.00178688948274951,0.00197065910064482,0.00268384338976992,0.00238444563137108,0.000376873666131594,0.00177755505240853,0.00121885451810778,0.00141001581661791,0.00159378543451322,0.00230696972363832,arima,arima,arima,ar1,arima
2013-10-01,0.00104283721506218,0.0014792704457527216,0.00102139243796997,0.00125033144186134,0.00142554708414686,0.000376873666131594,0.000535087863489991,0.00094418258226273,0.000507749351572192,0.000486304574479975,0.000715243578371353,0.000890459220656873,arima,ar1,arima,ar1,ar1
2013-11-01,0.00132488226409962,0.001528002468591203,0.00105456828562808,0.00129128537710964,0.00152201673190399,0.000535087863489991,0.00184279044557734,-0.000314787976986133,-0.000517908181477715,-0.00078822215994926,-0.000551505068467697,-0.000320773713673346,ar1,arima,arima,arima,ar1
2013-12-01,0.00173021969203259,0.0019660382135877263,0.00154411948841926,0.00175507885100349,0.00234133785693271,0.00184279044557734,0.00264067949336599,-0.000674641279778268,-0.000910459801333406,-0.00109656000494673,-0.000885600642362499,-0.00029934163643328,ar1,arima,ar1,arima,ar1
2014-01-01,0.00160376325722661,0.002234043789417734,0.00185058390484529,0.00204231384713151,0.00283949958932048,0.00264067949336599,0.00242124171757485,-0.000187197928157117,-0.000817478460348238,-0.000570657812729557,-0.000378927870443337,0.000418257871745631,ar1,ar1,ar1,arima,ar1
2014-02-01,0.00144595514587891,0.0022245307408046383,0.00176413181166997,0.0019943312762373,0.00270182811140143,0.00242124171757485,0.00110017320770073,0.00112435753310391,0.00034578193817818,0.000663958603969239,0.000894158068536575,0.00160165490370071,arima,arima,arima,ar1,arima
2014-03-01,0.00188339775538721,0.0018292326979122112,0.00131017456884882,0.00156970363338051,0.00187266952092296,0.00110017320770073,0.00203997314024917,-0.000210740442336963,-0.000156575384861961,-0.000729798571400357,-0.00047026950686866,-0.000167303619326212,arima,arima,arima,arima,arima
2014-04-01,0.00192782412649645,0.0020306822943694895,0.0016183126418162,0.00182449746809285,0.00246180532017403,0.00203997314024917,0.00186245016756281,0.000168232126806677,6.537395893364e-05,-0.000244137525746609,-3.79526994699658e-05,0.000599355152611216,arima,arima,ar1,ar1,arima
2014-05-01,0.00200908763777074,0.001970478986121662,0.00156467688484793,0.0017675779354848,0.00235007306148868,0.00186245016756281,0.00190119748174045,6.92815043812156e-05,0.000107890156030294,-0.000336520596892515,-0.00013361954625565,0.000448875579748238,ar1,arima,arima,ar1,ar1
2014-06-01,0.00167164068271522,0.001982796350092161,0.00159888230254172,0.00179083932631694,0.00237345205957585,0.00190119748174045,0.0013202602787965,0.000662536071295658,0.000351380403918712,0.000278622023745212,0.000470579047520435,0.00105319178077935,arima,ar1,arima,ar1,ar1
2014-07-01,0.00143504767020606,0.0017864356542510583,0.00136483176162687,0.00157563370793896,0.00200688175194954,0.0013202602787965,0.00112485240275095,0.000661583251500105,0.000310195267455106,0.000239979358875914,0.00045078130518801,0.000882029349198591,arima,ar1,arima,ar1,ar1
2014-08-01,0.000809382666992715,0.0017186921025740837,0.0012898068988428,0.00150424950070844,0.00188268749467662,0.00112485240275095,-0.000160014148960386,0.00187870625153447,0.0009693968159531,0.00144982104780319,0.00166426364966883,0.002042701643637,arima,arima,arima,ar1,arima
2014-09-01,0.000793562079722662,0.0012816441577782765,0.000708875061832289,0.000995259609805283,0.00107442181474262,-0.000160014148960386,7.15884422870516e-05,0.00121005571549122,0.00072197363743561,0.000637286619545237,0.000923671167518231,0.00100283337245557,arima,ar1,arima,ar1,ar1
2014-10-01,0.00089221152144511,0.0013535144146205522,0.000942476226063439,0.001147995320342,0.00121631117018869,7.15884422870516e-05,-0.000197933490782454,0.00155144790540301,0.00109014501222756,0.00114040971684589,0.00134592881112445,0.00141424466097115,arima,arima,arima,ar1,arima
2014-11-01,0.000901952552682902,0.0012555264705353543,0.000739742635595773,0.000997634553065564,0.00104324280647827,-0.000197933490782454,-0.00188443458454213,0.00313996105507748,0.00278638713722503,0.0026241772201379,0.00288206913760769,0.0029276773910204,arima,ar1,arima,ar1,ar1
2014-12-01,-0.000295072027852114,6.672353316811747e-4,0.000113011110366326,0.00039012322102375,-2.57651502554132e-05,-0.00188443458454213,-0.00308937665812437,0.00375661198980554,0.00279430463027225,0.00320238776849069,0.00347949987914812,0.00306361150786895,arima,arima,arima,arima,arima
2015-01-01,-0.00112048278600753,-3.9146010019876177e-4,-0.000561287907618602,-0.000476374003908682,-0.000801806288528902,-0.00308937665812437,-0.00639069349248711,0.00599923339228835,0.00527021070647958,0.00582940558486851,0.00591431948857843,0.00558888720395821,arima,arima,arima,arima,arima
2015-02-01,-0.00290033961305058,-0.0021067854135744654,-0.0026790474569099,-0.00239291643524218,-0.00294100087491162,-0.00639069349248711,0.00253143688849811,-0.00463822230207257,-0.00543177650154869,-0.00521048434540801,-0.00492435332374029,-0.00547243776340972,ar1,ar1,ar1,ar1,ar1
2015-03-01,0.00153349754740343,0.0024429339928186194,0.00166260877231031,0.00205277138256447,0.00274581423223129,0.00253143688849811,0.00269032959658144,-0.000247395603762823,-0.00115683204917801,-0.00102772082427113,-0.000637558214016977,5.54846356498506e-05,ar1,ar1,ar1,arima,ar1
2015-04-01,0.00136722314101586,0.0025225692813080616,0.00171333158816814,0.0021179504347381,0.00284538703657297,0.00269032959658144,0.00104193589238211,0.00148063338892596,0.000325287248633758,0.000671395695786034,0.00107601454235599,0.00180345114419086,arima,arima,arima,ar1,arima
2015-05-01,0.000380395043095343,0.0016349660059255223,0.00111507526975983,0.00137502063784267,0.00180560499325495,0.00104193589238211,0.00329231970405353,-0.001657353698128,-0.00291192466095818,-0.0021772444342937,-0.00191729906621085,-0.00148671471079857,ar1,ar1,ar1,arima,ar1
2015-06-01,0.0015530750251765,0.00241256970595621,0.00193219910713544,0.00217238440654583,0.00322250346345685,0.00329231970405353,0.00276409717171511,-0.000351527465758898,-0.00121102214653861,-0.000831898064579664,-0.000591712765169281,0.000458406291741744,ar1,ar1,ar1,arima,ar1
2015-07-01,0.00153747327788702,0.002231393413932143,0.00176067216280166,0.0019960327883669,0.00289062373450689,0.00276409717171511,0.00158506290399441,0.000646330509937738,-4.75896261073836e-05,0.000175609258807253,0.000410969884372495,0.00130556083051248,arima,arima,arima,ar1,arima
2015-08-01,0.00105562811291001,0.0018245176254582168,0.00130833537145157,0.00156642649845489,0.00214921934410228,0.00158506290399441,-4.20108934306995e-06,0.00182871871480129,0.00105982920225308,0.00131253646079464,0.00157062758779796,0.00215342043344535,arima,arima,arima,ar1,arima
2015-09-01,0.000648817865742641,0.0012729671941029907,0.000662905778239449,0.00096793648617122,0.0011445712632391,-4.20108934306995e-06,-0.00225011713527223,0.00352308432937522,0.00289893500101487,0.00291302291351168,0.00321805362144345,0.00339468839851133,arima,arima,arima,ar1,arima
2015-10-01,-0.000384538680039839,4.803634466579559e-4,-0.000290722050003048,9.4820698327454e-05,-0.000279953931328439,-0.00225011713527223,0.00098899280204634,-0.000508629355388384,-0.00137353148208618,-0.00127971485204939,-0.000894172103718886,-0.00126894673337478,ar1,ar1,ar1,arima,ar1
2015-11-01,0.00108045001194797,0.0015291840104979546,0.00104538690658593,0.00128728545854194,0.00176434351561496,0.00098899280204634,0.00119390450335111,0.000335279507146848,-0.000113454491403135,-0.000148517596765171,9.33809551908384e-05,0.000570439012263849,arima,arima,ar1,ar1,arima
2015-12-01,0.00113092976301831,0.0017119834501708952,0.00107870130180635,0.00139534237598862,0.00189453367103625,0.00119390450335111,-0.00107613224951653,0.00278811569968742,0.00220706201253483,0.00215483355132287,0.00247147462550515,0.00297066592055278,arima,ar1,arima,ar1,ar1
2016-01-01,0.000304077091782474,7.934670364094101e-4,0.00030187548488137,0.00054767126064539,0.00045630602031831,-0.00107613224951653,0.000277551159506118,0.000515915876903293,2.65259322763567e-05,2.43243253752526e-05,0.000270120101139273,0.000178754860812193,arima,ar1,arima,ar1,ar1
2016-02-01,-0.000155558412884405,0.00134543761543526,0.000791335583588804,0.00106838659951203,0.00130844467470408,0.000277551159506118,-0.00131694949620442,0.00266238711163968,0.00116139108332002,0.00210828507979323,0.00238533609571645,0.00262539417090851,arima,arima,arima,ar1,arima
2016-03-01,-0.00045047695137072,5.529572528553354e-4,0.000240198418179656,0.000396577835517496,0.000295390631635539,-0.00131694949620442,0.0020020868762316,-0.00144912962337627,-0.00245256382760232,-0.00176188845805194,-0.00160550904071411,-0.00170669624459606,ar1,ar1,ar1,arima,ar1
2016-04-01,0.00109299363809569,0.001233143088851535,0.00132556306982209,0.00127935307933681,0.00239530675142224,0.0020020868762316,0.00354428096080905,-0.00231113787195752,-0.00245128732271336,-0.00221871789098697,-0.00226492788147224,-0.00114897420938681,ar1,ar1,ar1,arima,ar1
2016-05-01,0.00152778244598232,0.0024655647935802327,0.00187875438423981,0.00217215958891002,0.00336736739115778,0.00354428096080905,0.00252992660161322,-6.43618080329866e-05,-0.0010021441556309,-0.000651172217373405,-0.000357767012703196,0.000837440789544556,ar1,ar1,ar1,ar1,ar1
2016-06-01,0.00132820693941487,0.0020861586183203427,0.00152925252936276,0.00180770557384155,0.00272816494561518,0.00252992660161322,0.00293587986951582,-0.00084972125119548,-0.00160767293010096,-0.00140662734015306,-0.00112817429567427,-0.000207714923900643,ar1,ar1,ar1,arima,ar1
2016-07-01,0.00177743126271234,0.001640375610722631,0.0016795062351289,0.00165994092292577,0.00298378201010759,0.00293587986951582,-0.000137426992127487,0.00177780260285012,0.00191485825483983,0.00181693322725639,0.00179736791505325,0.00312120900223507,ar1,ar1,ar1,ar1,ar1
2016-08-01,0.000712609947590963,9.166567256770344e-4,0.000689185731172225,0.00080292122842463,0.0010426041973296,-0.000137426992127487,0.00201370552292701,-0.00109704879724998,-0.00130109557533605,-0.00132451979175479,-0.00121078429450238,-0.000971101325597416,ar1,arima,ar1,arima,ar1
2016-09-01,0.00183904949490484,0.001755980416200893,0.00137180808687612,0.00156389425153851,0.00240092447139829,0.00201370552292701,0.00196402942325413,-0.000208049007053239,-0.000124979928349297,-0.000592221336378014,-0.000400135171715627,0.000436895048144162,arima,arima,arima,arima,arima
2016-10-01,0.00147964170906208,0.0019270124961241488,0.0013792494395799,0.00165313096785202,0.00236899856490984,0.00196402942325413,0.00237410228164858,-0.000447089785524434,-0.000894460572586504,-0.000994852842068684,-0.000720971313796559,-5.10371673874193e-06,ar1,arima,ar1,arima,ar1
2016-11-01,0.00189601709452987,0.0020961117199498045,0.00149443003175154,0.00179527087585067,0.00262697517129954,0.00237410228164858,0.00145564646883667,0.000640465251113136,0.000440370625693205,3.87835629148696e-05,0.000339624407014003,0.00117132870246287,arima,ar1,ar1,ar1,ar1
2016-12-01,0.00182666488251869,0.0014357519741188861,0.00117202815812174,0.00130389006612031,0.00204759687305362,0.00145564646883667,0.00296675514948053,-0.00153100317536164,-0.00114009026696184,-0.00179472699135879,-0.00166286508336022,-0.000919158276426905,arima,arima,arima,arima,arima
2017-01-01,0.00249594653866887,0.002274777305673485,0.00166995683150557,0.00197236706858953,0.00299914009875552,0.00296675514948053,0.00413216082926926,-0.00185738352359578,-0.00163621429060039,-0.00246220399776369,-0.00215979376067973,-0.00113302073051374,arima,arima,arima,arima,arima
2017-02-01,0.00236995167389118,0.0026814400605374438,0.00207711402310147,0.00237927704181946,0.00373327806720364,0.00413216082926926,0.00127525671056716,0.00140618334997028,0.00109469496332401,0.000801857312534311,0.0011040203312523,0.00245802135663647,arima,ar1,arima,ar1,ar1
2017-03-01,0.00112097033374352,0.0016913575338257593,0.00117971232788372,0.00143553493085474,0.00193467506930797,0.00127525671056716,-0.00125884436684309,0.00295020190066885,0.00237981470058661,0.00243855669472682,0.00269437929769783,0.00319351943615106,arima,arima,arima,ar1,arima
2017-04-01,0.00011525368500204,8.072583570153631e-4,0.000369634441925128,0.000588446399470245,0.00033055422551747,-0.00125884436684309,0.00138177352292512,-0.00057451516590976,-0.00126651983792308,-0.001012139081,-0.000793327123454877,-0.00105121929740765,ar1,ar1,ar1,ar1,ar1
2017-05-01,0.00116335725654245,0.001722120762864811,0.00119539217610129,0.00145875646948305,0.00199824228692922,0.00138177352292512,-0.000541001357501791,0.0022631221203666,0.00170435861404424,0.00173639353360308,0.00199975782698484,0.00253924364443101,arima,arima,arima,ar1,arima
2017-06-01,0.000325461232690541,0.0010213410789440432,0.000634907441476014,0.000828124260210029,0.000780689793569643,-0.000541001357501791,0.00103666228642485,-1.53212074808066e-05,-0.000711201053734309,-0.000401754844948836,-0.000208538026214821,-0.000255972492855207,ar1,ar1,ar1,arima,ar1
2017-07-01,0.00134703359196749,0.00139168250814409,0.0010719595344636,0.00123182102130384,0.00177719827984801,0.00103666228642485,0.000610021983801445,0.000781660524342645,0.000737011608166042,0.000461937550662151,0.000621799037502398,0.00116717629604656,arima,ar1,ar1,ar1,ar1
2017-08-01,0.000937966268383407,0.0012357486877212541,0.000921110260643644,0.00107842947418245,0.00150369588828448,0.000610021983801445,0.00398667281826359,-0.00275092413054234,-0.00304870654988018,-0.00306556255761995,-0.00290824334408114,-0.00248297692997911,ar1,arima,ar1,arima,ar1
2017-09-01,0.00265205518217914,0.0026177252971283493,0.00194575133486176,0.00228173831599505,0.0036335866678597,0.00398667281826359,0.00464058715980453,-0.00202286186267618,-0.00198853197762539,-0.00269483582494277,-0.00235884884380948,-0.00100700049194483,arima,arima,arima,arima,arima
2017-10-01,0.00262912059865913,0.002848587717837553,0.00224060132054231,0.00254459451918993,0.00404618833849895,0.00464058715980453,0.000507083973828593,0.00234150374400896,0.00212203662483054,0.00173351734671372,0.00203751054536134,0.00353910436467036,arima,ar1,ar1,ar1,ar1
2017-11-01,0.00110149689343104,0.0012548742802901065,0.000974729880186367,0.00111480208023824,0.00144270236033852,0.000507083973828593,0.00308967796094972,-0.00183480368065962,-0.00198818106751868,-0.00211494808076335,-0.00197487588071148,-0.0016469756006112,ar1,arima,ar1,arima,ar1
2017-12-01,0.00234869317575569,0.002309419517541115,0.00171701273025415,0.00201321612389763,0.00306869768562852,0.00308967796094972,0.00207601350864106,0.000233406008900054,0.000272679667114632,-0.000359000778386909,-6.27973847434275e-05,0.000992684176987457,ar1,arima,ar1,ar1,ar1
2018-01-01,0.00178982003475909,0.001960904209618772,0.00141749614921363,0.0016892001794162,0.00243159917728534,0.00207601350864106,0.00390204718087261,-0.00194114297125384,-0.00211222714611353,-0.00248455103165898,-0.00221284700145641,-0.00147044800358728,ar1,arima,arima,arima,ar1
2018-02-01,0.00291871269397443,0.0025905982949803136,0.00196170571055317,0.00227615200276674,0.00357855603124325,0.00390204718087261,0.00264504229139462,-5.44439964143034e-05,0.000273670402579817,-0.000683336580841451,-0.000368890288627877,0.000933513739848637,ar1,arima,arima,ar1,ar1
2018-03-01,0.00233139663383336,0.002159372840878415,0.00162029600975732,0.00188983442531787,0.00278940942422793,0.00264504229139462,-0.000248552782665001,0.00240792562354342,0.00257994941649836,0.00186884879242232,0.00213838720798287,0.00303796220689293,ar1,ar1,ar1,ar1,ar1
2018-04-01,0.000639146257027677,0.001163347818015847,0.000854879691027032,0.00100911375452144,0.000967788876184902,-0.000248552782665001,0.00217874608083868,-0.00101539826282283,-0.001539599823811,-0.00132386638981165,-0.00116963232631724,-0.00121095720465378,ar1,ar1,ar1,arima,ar1
2018-05-01,0.00214742614315069,0.0019965954520235036,0.00147331994093153,0.00173495769647752,0.00249501004237705,0.00217874608083868,0.00272874357538644,-0.000732148123362935,-0.000581317432235748,-0.00125542363445491,-0.000993785878908921,-0.000233733533009389,arima,arima,arima,arima,arima
2018-06-01,0.00211032569824045,0.0021856252435394877,0.00165810524381993,0.00192186524367971,0.0028397410985365,0.00272874357538644,0.00213624198446283,4.93832590766599e-05,-2.59162862223808e-05,-0.000478136740642897,-0.000214376740783118,0.000703499114073667,arima,arima,arima,ar1,arima
2018-07-01,0.00225158424714397,0.0019827291972187872,0.00142041522755473,0.00170157221238676,0.00246773667772553,0.00213624198446283,0.00121752777355777,0.000765201423661018,0.0010340564735862,0.000202887453996964,0.000484044438828991,0.00125020890416776,ar1,ar1,ar1,ar1,ar1
2018-08-01,0.0011992551624099,0.0016669102498581183,0.00121206333887142,0.00143948679436477,0.0018901526962066,0.00121752777355777,0.00168061590610247,-1.37056562443489e-05,-0.00048136074369257,-0.000468552567231049,-0.000241129111737699,0.000209536790104136,ar1,ar1,ar1,arima,ar1
2018-09-01,0.00161498086210153,0.0018247559199028886,0.001450966035816,0.00163786097785944,0.00217985740627966,0.00168061590610247,0.00141223350708852,0.000412522412814366,0.000202747355013005,3.87325287274727e-05,0.000225627470770919,0.000767623899191138,arima,ar1,arima,ar1,ar1
2018-10-01,0.0018445989214416,0.0017317397347865438,0.001343092770129,0.00153741625245777,0.00201044300216717,0.00141223350708852,0.00204341130587249,-0.000311671571085945,-0.000198812384430887,-0.00070031853574349,-0.000505995053414718,-3.29683037053208e-05,arima,arima,arima,arima,arima
2018-11-01,0.00177257225592143,0.0019477404254995053,0.0014746871180398,0.00171121377176965,0.0024059777779624,0.00204341130587249,-0.000455049974316779,0.00240279039981628,0.00222762223023821,0.00192973709235657,0.00216626374608643,0.00286102775227918,arima,ar1,ar1,ar1,ar1
2018-12-01,0.000759406882161084,8.465245264937971e-4,0.000920449525455654,0.000883487025974726,0.00083158987589859,-0.000455049974316779,-3.56213451055964e-05,0.000882145871599394,0.00079502822726668,0.000956070870561251,0.000919108371080322,0.000867211221004187,arima,arima,arima,arima,arima
2019-01-01,0.000544997751088165,0.001043449023176824,0.000989496908284031,0.00101647296573043,0.00109240090105089,-3.56213451055964e-05,-0.000407756887536692,0.00145120591071352,0.000952754638624857,0.00139725379582072,0.00142422985326712,0.00150015778858758,arima,arima,arima,ar1,arima
2019-02-01,0.00082384730794802,0.0010387790526212783,0.000944860265047147,0.000991819658834213,0.000854326836245714,-0.000407756887536692,0.00249539904588492,-0.00145661999326364,-0.0016715517379369,-0.00155053878083777,-0.0015035793870507,-0.0016410722096392,ar1,ar1,ar1,ar1,ar1
2019-03-01,0.00234164527625583,0.001916439160521292,0.00153064791058879,0.00172354353555504,0.00268401414601505,0.00249539904588492,0.00360356488016667,-0.00168712571964537,-0.00126191960391084,-0.00207291696957788,-0.00188002134461163,-0.000919550734151611,arima,arima,arima,arima,arima
2019-04-01,0.00210353564638677,0.002475392972814424,0.0018223256499335,0.00214885931137396,0.00338040458522416,0.00360356488016667,0.00333177792012584,-0.000856384947311421,-0.00122824227373908,-0.00150945227019235,-0.00118291860875188,4.86266650983123e-05,ar1,arima,ar1,arima,ar1
2019-05-01,0.0023802979585084,0.002383681470056162,0.00181263770581299,0.00209815958793457,0.00320985623834329,0.00333177792012584,0.000878242004264784,0.00150543946579138,0.00150205595424361,0.000934395701548201,0.00121991758366979,0.00233161423407851,arima,ar1,ar1,ar1,ar1
2019-06-01,0.00124268712125509,0.0013479503875794292,0.00119789718801885,0.00127292378779914,0.00166780004741712,0.000878242004264784,0.000920541656837415,0.000427408730742014,0.000322145464417678,0.000277355531181433,0.000352382130961724,0.000747258390579704,arima,ar1,arima,ar1,ar1
2019-07-01,0.00152160979452885,0.0013851790884806942,0.00118578787755702,0.00128548348301886,0.00169282734546895,0.000920541656837415,0.00267845607441419,-0.0012932769859335,-0.00115684627988534,-0.00149266819685717,-0.00139297259139533,-0.000985628728945241,arima,arima,arima,arima,arima
2019-08-01,0.0018236533915908,0.002000130319861404,0.00164005263587091,0.00182009147786616,0.0027972372538025,0.00267845607441419,0.00080799253392172,0.00119213778593968,0.00101566085766908,0.000832060101949188,0.00101209894394444,0.00198924471988078,arima,ar1,ar1,ar1,ar1
2019-09-01,0.00114416112731401,0.001335015305367349,0.00116787205125554,0.00125144367831144,0.00162128575221986,0.00080799253392172,0.0011659489668201,0.000169066338547253,-2.1787839506085e-05,1.92308443544217e-06,8.54947114913474e-05,0.000455336785399768,arima,ar1,arima,ar1,ar1
2019-10-01,0.00157436528394306,0.0014492546216738952,0.00128866801117903,0.00136896131642646,0.00184487732274832,0.0011659489668201,0.00247556673247473,-0.00102631211080084,-0.00090120144853167,-0.00118689872129571,-0.00110660541604827,-0.000630689409726413,arima,arima,arima,arima,arima
2019-11-01,0.00208832561699669,0.0020215213857713386,0.00158100653367125,0.00180126395972129,0.00266748963440892,0.00247556673247473,0.00231044286581383,-0.000288921480042495,-0.000222117248817139,-0.000729436332142586,-0.000509178906092541,0.000357046768595085,arima,arima,arima,arima,arima
2019-12-01,0.00205307171707972,0.0020280823865784963,0.00156284769223211,0.0017954650394053,0.00256344584753463,0.00231044286581383,0.00240185445567054,-0.000373772069092042,-0.000348782738590816,-0.000839006763438429,-0.000606389416265236,0.000161591391864096,arima,arima,arima,arima,arima
2020-01-01,0.00191129962014125,0.002059710348741934,0.0015862048510816,0.00182295759991177,0.0026205291699087,0.00240185445567054,0.00145380334306822,0.000605907005673718,0.000457496277073035,0.000132401508013383,0.000369154256843551,0.00116672582684049,arima,ar1,ar1,ar1,ar1
